{"cameraMode":{"drawMode":0,"name":"Shaded","section":"Shading Mode"},"sceneLighting":false,"audioPlay":false,"sceneViewState":{"showFog":true,"showMaterialUpdate":false,"showSkybox":false,"showFlares":true,"showImageEffects":true,"showParticleSystems":true},"in2DMode":false,"pivot":{"x":-1.0,"y":0.48100000619888308,"z":-0.796999990940094},"rotation":{"x":0.005978615954518318,"y":0.7699081301689148,"z":-0.007136632688343525,"w":0.6381716728210449},"size":3.9452340602874758,"orthographic":false}