{"cameraMode":{"drawMode":0,"name":"Shaded","section":"Shading Mode"},"sceneLighting":true,"audioPlay":false,"sceneViewState":{"showFog":true,"showMaterialUpdate":false,"showSkybox":true,"showFlares":true,"showImageEffects":true,"showParticleSystems":true},"in2DMode":false,"pivot":{"x":-1660.6864013671875,"y":168.79505920410157,"z":2072.801025390625},"rotation":{"x":0.05389125272631645,"y":-0.3985617458820343,"z":0.023461854085326196,"w":0.9152807593345642},"size":37.54009246826172,"orthographic":false}