{"cameraMode":{"drawMode":0,"name":"Shaded","section":"Shading Mode"},"sceneLighting":true,"audioPlay":false,"sceneViewState":{"showFog":true,"showMaterialUpdate":false,"showSkybox":true,"showFlares":true,"showImageEffects":true,"showParticleSystems":true},"in2DMode":false,"pivot":{"x":-1702.4713134765625,"y":147.42942810058595,"z":2228.823486328125},"rotation":{"x":0.08768434822559357,"y":0.3099171221256256,"z":-0.028714856132864953,"w":0.9462810158729553},"size":496.89697265625,"orthographic":false}