{"cameraMode":{"drawMode":0,"name":"Shaded","section":"Shading Mode"},"sceneLighting":false,"audioPlay":false,"sceneViewState":{"showFog":true,"showMaterialUpdate":false,"showSkybox":false,"showFlares":true,"showImageEffects":true,"showParticleSystems":true},"in2DMode":false,"pivot":{"x":58.92057418823242,"y":152.1490020751953,"z":123.9730453491211},"rotation":{"x":-0.05016128346323967,"y":-0.870561957359314,"z":0.09067900478839874,"w":-0.4811331331729889},"size":16.837848663330079,"orthographic":false}