{"cameraMode":{"drawMode":0,"name":"Shaded","section":"Shading Mode"},"sceneLighting":true,"audioPlay":false,"sceneViewState":{"showFog":true,"showMaterialUpdate":false,"showSkybox":true,"showFlares":true,"showImageEffects":true,"showParticleSystems":true},"in2DMode":false,"pivot":{"x":-124.87750244140625,"y":164.2614288330078,"z":566.5066528320313},"rotation":{"x":0.4707644283771515,"y":-0.23539304733276368,"z":0.13096971809864045,"w":0.8406196236610413},"size":68.63007354736328,"orthographic":false}