{"cameraMode":{"drawMode":0,"name":"Shaded","section":"Shading Mode"},"sceneLighting":true,"audioPlay":false,"sceneViewState":{"showFog":true,"showMaterialUpdate":false,"showSkybox":true,"showFlares":true,"showImageEffects":true,"showParticleSystems":true},"in2DMode":false,"pivot":{"x":86.03956604003906,"y":297.5690612792969,"z":7.2901611328125},"rotation":{"x":-0.48651251196861269,"y":0.13349813222885133,"z":-0.07710063457489014,"w":-0.8604806661605835},"size":165.06637573242188,"orthographic":false}