{"cameraMode":{"drawMode":0,"name":"Shaded","section":"Shading Mode"},"sceneLighting":false,"audioPlay":false,"sceneViewState":{"showFog":true,"showMaterialUpdate":false,"showSkybox":false,"showFlares":true,"showImageEffects":true,"showParticleSystems":true},"in2DMode":false,"pivot":{"x":-1207.0714111328125,"y":155.52830505371095,"z":1694.4859619140625},"rotation":{"x":-0.0582585334777832,"y":0.13198891282081605,"z":-0.0078024729155004028,"w":-0.9895614385604858},"size":17.148792266845704,"orthographic":false}