{"cameraMode":{"drawMode":0,"name":"Shaded","section":"Shading Mode"},"sceneLighting":true,"audioPlay":false,"sceneViewState":{"showFog":true,"showMaterialUpdate":false,"showSkybox":true,"showFlares":true,"showImageEffects":true,"showParticleSystems":true},"in2DMode":false,"pivot":{"x":2.19882869720459,"y":0.019279956817626954,"z":1.1041755676269532},"rotation":{"x":-0.04628391191363335,"y":0.9536834955215454,"z":-0.20566444098949433,"w":-0.21465550363063813},"size":10.825103759765625,"orthographic":false}