{"cameraMode":{"drawMode":0,"name":"Shaded","section":"Shading Mode"},"sceneLighting":true,"audioPlay":false,"sceneViewState":{"showFog":true,"showMaterialUpdate":false,"showSkybox":true,"showFlares":true,"showImageEffects":true,"showParticleSystems":true},"in2DMode":false,"pivot":{"x":-144.25367736816407,"y":145.7200469970703,"z":619.47802734375},"rotation":{"x":-0.15754777193069459,"y":0.36455029249191286,"z":-0.06272630393505097,"w":-0.9156184196472168},"size":29.548166275024415,"orthographic":false}