{"cameraMode":{"drawMode":0,"name":"Shaded","section":"Shading Mode"},"sceneLighting":false,"audioPlay":false,"sceneViewState":{"showFog":true,"showMaterialUpdate":false,"showSkybox":false,"showFlares":true,"showImageEffects":true,"showParticleSystems":true},"in2DMode":false,"pivot":{"x":-1848.322021484375,"y":147.10018920898438,"z":2208.127197265625},"rotation":{"x":-0.21462857723236085,"y":-0.07047609239816666,"z":0.016197632998228074,"w":-0.9741964936256409},"size":17.794919967651368,"orthographic":false}