{"cameraMode":{"drawMode":0,"name":"Shaded","section":"Shading Mode"},"sceneLighting":true,"audioPlay":false,"sceneViewState":{"showFog":true,"showMaterialUpdate":false,"showSkybox":true,"showFlares":true,"showImageEffects":true,"showParticleSystems":true},"in2DMode":false,"pivot":{"x":-1166.4071044921875,"y":166.29481506347657,"z":1618.96435546875},"rotation":{"x":-0.14984403550624848,"y":0.25071561336517336,"z":-0.0388139933347702,"w":-0.9557285308837891},"size":44.040103912353519,"orthographic":false}