{"cameraMode":{"drawMode":0,"name":"Shaded","section":"Shading Mode"},"sceneLighting":false,"audioPlay":false,"sceneViewState":{"showFog":true,"showMaterialUpdate":false,"showSkybox":false,"showFlares":true,"showImageEffects":true,"showParticleSystems":true},"in2DMode":false,"pivot":{"x":0.0,"y":-1.100000023841858,"z":2.3399999141693117},"rotation":{"x":-0.07273751497268677,"y":-0.05143323540687561,"z":0.0037553058937191965,"w":-0.9960232377052307},"size":5.285798072814941,"orthographic":false}